ingredient_com_code_id,ingredient_id,com_code_grp,com_code
1,428,FUNCTION,HF05
2,426,FUNCTION,HF02
3,426,FUNCTION,HF25
4,424,FUNCTION,HF17
5,424,FUNCTION,HF24
6,425,FUNCTION,HF02
7,425,FUNCTION,HF17
8,425,FUNCTION,HF26
9,429,FUNCTION,HF02
10,429,FUNCTION,HF16
11,429,FUNCTION,HF26
12,430,FUNCTION,HF02
13,430,FUNCTION,HF03
14,430,FUNCTION,HF06
15,423,FUNCTION,HF03
16,423,FUNCTION,HF17
17,423,FUNCTION,HF26
18,427,FUNCTION,HF17
19,419,FUNCTION,HF02
20,419,FUNCTION,HF05
21,419,FUNCTION,HF06
22,419,FUNCTION,HF15
23,419,FUNCTION,HF20
24,419,FUNCTION,HF24
25,421,FUNCTION,HF02
26,422,FUNCTION,HF24
27,418,FUNCTION,HF05
28,418,FUNCTION,HF06
29,418,FUNCTION,HF07
30,418,FUNCTION,HF24
31,420,FUNCTION,HF24
32,417,FUNCTION,HF05
33,412,FUNCTION,HF10
34,402,FUNCTION,HF24
35,405,FUNCTION,HF15
36,396,FUNCTION,HF23
37,416,FUNCTION,HF18
38,413,FUNCTION,HF23
39,398,FUNCTION,HF18
40,404,FUNCTION,HF06
41,399,FUNCTION,HF06
42,400,FUNCTION,HF22
43,400,FUNCTION,HF24
44,408,FUNCTION,HF10
45,401,FUNCTION,HF22
46,401,FUNCTION,HF24
47,415,FUNCTION,HF23
48,410,FUNCTION,HF23
49,397,FUNCTION,HF20
50,407,FUNCTION,HF05
51,406,FUNCTION,HF24
52,409,FUNCTION,HF01
53,403,FUNCTION,HF10
54,414,FUNCTION,HF10
55,411,FUNCTION,HF10
56,395,FUNCTION,HF12
57,394,FUNCTION,HF07
58,389,FUNCTION,HF06
59,389,FUNCTION,HF23
60,391,FUNCTION,HF03
61,391,FUNCTION,HF07
62,388,FUNCTION,HF24
63,393,FUNCTION,HF03
64,390,FUNCTION,HF03
65,392,FUNCTION,HF06
66,386,FUNCTION,HF06
67,387,FUNCTION,HF05
68,385,FUNCTION,HF18
69,384,FUNCTION,HF05
70,382,FUNCTION,HF07
71,383,FUNCTION,HF10
72,367,FUNCTION,HF22
73,367,FUNCTION,HF24
74,351,FUNCTION,HF06
75,351,FUNCTION,HF18
76,351,FUNCTION,HF24
77,354,FUNCTION,HF03
78,381,FUNCTION,HF08
79,370,FUNCTION,HF10
80,372,FUNCTION,HF17
81,373,FUNCTION,HF19
82,366,FUNCTION,HF06
83,356,FUNCTION,HF03
84,350,FUNCTION,HF19
85,361,FUNCTION,HF07
86,361,FUNCTION,HF20
87,374,FUNCTION,HF07
88,371,FUNCTION,HF10
89,369,FUNCTION,HF03
90,380,FUNCTION,HF13
91,353,FUNCTION,HF18
92,352,FUNCTION,HF18
93,358,FUNCTION,HF10
94,358,FUNCTION,HF24
95,368,FUNCTION,HF24
96,363,FUNCTION,HF10
97,363,FUNCTION,HF22
98,363,FUNCTION,HF24
99,359,FUNCTION,HF02
100,359,FUNCTION,HF19
101,360,FUNCTION,HF10
102,360,FUNCTION,HF22
103,360,FUNCTION,HF24
104,357,FUNCTION,HF05
105,357,FUNCTION,HF07
106,357,FUNCTION,HF10
107,377,FUNCTION,HF10
108,379,FUNCTION,HF10
109,364,FUNCTION,HF10
110,365,FUNCTION,HF06
111,349,FUNCTION,HF22
112,349,FUNCTION,HF24
113,355,FUNCTION,HF02
114,376,FUNCTION,HF10
115,376,FUNCTION,HF22
116,376,FUNCTION,HF24
117,375,FUNCTION,HF22
118,375,FUNCTION,HF24
119,378,FUNCTION,HF10
120,378,FUNCTION,HF22
121,378,FUNCTION,HF24
122,362,FUNCTION,HF03
123,348,FUNCTION,HF03
124,347,FUNCTION,HF18
125,346,FUNCTION,HF15
126,345,FUNCTION,HF08
127,344,FUNCTION,HF07
128,343,FUNCTION,HF18
129,343,FUNCTION,HF24
130,283,FUNCTION,HF03
131,301,FUNCTION,HF01
132,301,FUNCTION,HF20
133,260,FUNCTION,HF05
134,310,FUNCTION,HF18
135,299,FUNCTION,HF03
136,281,FUNCTION,HF24
137,298,FUNCTION,HF03
138,296,FUNCTION,HF02
139,296,FUNCTION,HF17
140,289,FUNCTION,HF08
141,337,FUNCTION,HF22
142,337,FUNCTION,HF24
143,295,FUNCTION,HF20
144,256,FUNCTION,HF09
145,290,FUNCTION,HF05
146,294,FUNCTION,HF22
147,294,FUNCTION,HF24
148,297,FUNCTION,HF10
149,270,FUNCTION,HF18
150,238,FUNCTION,HF03
151,303,FUNCTION,HF03
152,232,FUNCTION,HF18
153,221,FUNCTION,HF05
154,219,FUNCTION,HF22
155,219,FUNCTION,HF24
156,245,FUNCTION,HF07
157,247,FUNCTION,HF09
158,249,FUNCTION,HF18
159,250,FUNCTION,HF03
160,251,FUNCTION,HF12
161,252,FUNCTION,HF12
162,253,FUNCTION,HF22
163,253,FUNCTION,HF24
164,254,FUNCTION,HF24
165,255,FUNCTION,HF23
166,240,FUNCTION,HF05
167,259,FUNCTION,HF14
168,199,FUNCTION,HF14
169,257,FUNCTION,HF22
170,257,FUNCTION,HF24
171,261,FUNCTION,HF23
172,336,FUNCTION,HF03
173,311,FUNCTION,HF24
174,335,FUNCTION,HF10
175,333,FUNCTION,HF24
176,305,FUNCTION,HF01
177,258,FUNCTION,HF24
178,302,FUNCTION,HF01
179,284,FUNCTION,HF01
180,278,FUNCTION,HF18
181,308,FUNCTION,HF01
182,326,FUNCTION,HF14
183,313,FUNCTION,HF23
184,274,FUNCTION,HF15
185,276,FUNCTION,HF24
186,231,FUNCTION,HF08
187,332,FUNCTION,HF15
188,285,FUNCTION,HF18
189,285,FUNCTION,HF24
190,246,FUNCTION,HF19
191,235,FUNCTION,HF20
192,287,FUNCTION,HF05
193,291,FUNCTION,HF13
194,292,FUNCTION,HF22
195,292,FUNCTION,HF24
196,318,FUNCTION,HF15
197,331,FUNCTION,HF02
198,293,FUNCTION,HF18
199,304,FUNCTION,HF19
200,273,FUNCTION,HF02
201,273,FUNCTION,HF17
202,286,FUNCTION,HF22
203,286,FUNCTION,HF24
204,263,FUNCTION,HF03
205,262,FUNCTION,HF07
206,262,FUNCTION,HF18
207,269,FUNCTION,HF05
208,325,FUNCTION,HF18
209,325,FUNCTION,HF24
210,309,FUNCTION,HF07
211,324,FUNCTION,HF07
212,322,FUNCTION,HF03
213,307,FUNCTION,HF18
214,306,FUNCTION,HF24
215,282,FUNCTION,HF05
216,265,FUNCTION,HF20
217,266,FUNCTION,HF18
218,267,FUNCTION,HF22
219,267,FUNCTION,HF24
220,268,FUNCTION,HF22
221,268,FUNCTION,HF24
222,272,FUNCTION,HF03
223,277,FUNCTION,HF16
224,279,FUNCTION,HF01
225,280,FUNCTION,HF10
226,264,FUNCTION,HF07
227,288,FUNCTION,HF08
228,329,FUNCTION,HF03
229,271,FUNCTION,HF07
230,312,FUNCTION,HF18
231,334,FUNCTION,HF22
232,334,FUNCTION,HF24
233,316,FUNCTION,HF24
234,275,FUNCTION,HF03
235,275,FUNCTION,HF06
236,275,FUNCTION,HF09
237,320,FUNCTION,HF03
238,323,FUNCTION,HF19
239,230,FUNCTION,HF21
240,300,FUNCTION,HF11
241,197,FUNCTION,HF03
242,327,FUNCTION,HF09
243,233,FUNCTION,HF18
244,213,FUNCTION,HF18
245,200,FUNCTION,HF18
246,209,FUNCTION,HF18
247,338,FUNCTION,HF14
248,217,FUNCTION,HF18
249,217,FUNCTION,HF22
250,217,FUNCTION,HF23
251,217,FUNCTION,HF24
252,341,FUNCTION,HF14
253,340,FUNCTION,HF03
254,342,FUNCTION,HF18
255,214,FUNCTION,HF18
256,203,FUNCTION,HF19
257,242,FUNCTION,HF24
258,321,FUNCTION,HF15
259,328,FUNCTION,HF09
260,241,FUNCTION,HF23
261,314,FUNCTION,HF24
262,239,FUNCTION,HF09
263,220,FUNCTION,HF12
264,215,FUNCTION,HF07
265,315,FUNCTION,HF18
266,216,FUNCTION,HF06
267,216,FUNCTION,HF07
268,216,FUNCTION,HF24
269,218,FUNCTION,HF18
270,201,FUNCTION,HF03
271,330,FUNCTION,HF23
272,210,FUNCTION,HF18
273,211,FUNCTION,HF22
274,211,FUNCTION,HF24
275,202,FUNCTION,HF23
276,228,FUNCTION,HF22
277,228,FUNCTION,HF24
278,227,FUNCTION,HF20
279,229,FUNCTION,HF11
280,226,FUNCTION,HF06
281,226,FUNCTION,HF15
282,225,FUNCTION,HF03
283,208,FUNCTION,HF18
284,224,FUNCTION,HF01
285,223,FUNCTION,HF02
286,223,FUNCTION,HF08
287,205,FUNCTION,HF23
288,204,FUNCTION,HF03
289,237,FUNCTION,HF03
290,222,FUNCTION,HF07
291,244,FUNCTION,HF03
292,243,FUNCTION,HF24
293,236,FUNCTION,HF05
294,212,FUNCTION,HF07
295,234,FUNCTION,HF24
296,207,FUNCTION,HF18
297,206,FUNCTION,HF19
298,317,FUNCTION,HF02
299,317,FUNCTION,HF08
300,319,FUNCTION,HF05
301,248,FUNCTION,HF07
302,198,FUNCTION,HF07
303,194,FUNCTION,HF03
304,195,FUNCTION,HF08
305,196,FUNCTION,HF07
306,196,FUNCTION,HF18
307,192,FUNCTION,HF03
308,193,FUNCTION,HF22
309,193,FUNCTION,HF24
310,191,FUNCTION,HF03
311,191,FUNCTION,HF20
312,190,FUNCTION,HF02
313,190,FUNCTION,HF08
314,189,FUNCTION,HF07
315,188,FUNCTION,HF05
316,184,FUNCTION,HF18
317,187,FUNCTION,HF07
318,185,FUNCTION,HF17
319,186,FUNCTION,HF15
320,183,FUNCTION,HF08
321,183,FUNCTION,HF20
322,183,FUNCTION,HF24
323,182,FUNCTION,HF14
324,180,FUNCTION,HF08
325,181,FUNCTION,HF22
326,181,FUNCTION,HF24
327,179,FUNCTION,HF05
328,178,FUNCTION,HF24
329,174,FUNCTION,HF03
330,175,FUNCTION,HF23
331,156,FUNCTION,HF07
332,154,FUNCTION,HF05
333,162,FUNCTION,HF01
334,171,FUNCTION,HF10
335,173,FUNCTION,HF05
336,166,FUNCTION,HF23
337,172,FUNCTION,HF20
338,164,FUNCTION,HF07
339,160,FUNCTION,HF15
340,168,FUNCTION,HF24
341,165,FUNCTION,HF07
342,176,FUNCTION,HF18
343,159,FUNCTION,HF22
344,159,FUNCTION,HF24
345,155,FUNCTION,HF07
346,158,FUNCTION,HF09
347,157,FUNCTION,HF22
348,157,FUNCTION,HF24
349,177,FUNCTION,HF23
350,177,FUNCTION,HF24
351,163,FUNCTION,HF03
352,170,FUNCTION,HF12
353,169,FUNCTION,HF10
354,167,FUNCTION,HF01
355,167,FUNCTION,HF02
356,167,FUNCTION,HF17
357,167,FUNCTION,HF19
358,161,FUNCTION,HF07
359,152,FUNCTION,HF06
360,152,FUNCTION,HF16
361,152,FUNCTION,HF17
362,152,FUNCTION,HF25
363,151,FUNCTION,HF10
364,153,FUNCTION,HF02
365,153,FUNCTION,HF03
366,153,FUNCTION,HF05
367,150,FUNCTION,HF06
368,149,FUNCTION,HF18
369,148,FUNCTION,HF01
370,147,FUNCTION,HF18
371,146,FUNCTION,HF07
372,145,FUNCTION,HF03
373,144,FUNCTION,HF22
374,144,FUNCTION,HF24
375,139,FUNCTION,HF03
376,139,FUNCTION,HF26
377,142,FUNCTION,HF02
378,138,FUNCTION,HF02
379,136,FUNCTION,HF07
380,136,FUNCTION,HF08
381,141,FUNCTION,HF02
382,143,FUNCTION,HF16
383,143,FUNCTION,HF25
384,140,FUNCTION,HF02
385,137,FUNCTION,HF26
386,135,FUNCTION,HF03
387,134,FUNCTION,HF07
388,133,FUNCTION,HF20
389,132,FUNCTION,HF20
390,131,FUNCTION,HF17
391,130,FUNCTION,HF05
392,129,FUNCTION,HF24
393,125,FUNCTION,HF05
394,128,FUNCTION,HF07
395,128,FUNCTION,HF15
396,126,FUNCTION,HF24
397,124,FUNCTION,HF15
398,127,FUNCTION,HF18
399,123,FUNCTION,HF07
400,122,FUNCTION,HF18
401,121,FUNCTION,HF18
402,111,FUNCTION,HF18
403,111,FUNCTION,HF22
404,111,FUNCTION,HF24
405,113,FUNCTION,HF10
406,115,FUNCTION,HF06
407,115,FUNCTION,HF16
408,115,FUNCTION,HF25
409,114,FUNCTION,HF24
410,118,FUNCTION,HF22
411,118,FUNCTION,HF24
412,119,FUNCTION,HF08
413,120,FUNCTION,HF22
414,120,FUNCTION,HF24
415,117,FUNCTION,HF01
416,112,FUNCTION,HF22
417,112,FUNCTION,HF24
418,116,FUNCTION,HF20
419,116,FUNCTION,HF24
420,104,FUNCTION,HF03
421,107,FUNCTION,HF07
422,106,FUNCTION,HF13
423,102,FUNCTION,HF01
424,103,FUNCTION,HF22
425,103,FUNCTION,HF24
426,108,FUNCTION,HF16
427,109,FUNCTION,HF04
428,105,FUNCTION,HF10
429,110,FUNCTION,HF23
430,110,FUNCTION,HF24
431,101,FUNCTION,HF22
432,101,FUNCTION,HF24
433,100,FUNCTION,HF20
434,98,FUNCTION,HF07
435,99,FUNCTION,HF09
436,95,FUNCTION,HF07
437,97,FUNCTION,HF07
438,96,FUNCTION,HF15
439,94,FUNCTION,HF03
440,93,FUNCTION,HF03
441,92,FUNCTION,HF24
442,91,FUNCTION,HF19
443,90,FUNCTION,HF08
444,89,FUNCTION,HF08
445,88,FUNCTION,HF01
446,87,FUNCTION,HF03
447,86,FUNCTION,HF15
448,85,FUNCTION,HF08
449,84,FUNCTION,HF05
450,83,FUNCTION,HF03
451,82,FUNCTION,HF09
452,81,FUNCTION,HF02
453,81,FUNCTION,HF18
454,79,FUNCTION,HF08
455,77,FUNCTION,HF10
456,80,FUNCTION,HF01
457,80,FUNCTION,HF18
458,76,FUNCTION,HF18
459,74,FUNCTION,HF08
460,75,FUNCTION,HF24
461,73,FUNCTION,HF05
462,72,FUNCTION,HF01
463,71,FUNCTION,HF01
464,70,FUNCTION,HF01
465,69,FUNCTION,HF18
466,68,FUNCTION,HF05
467,67,FUNCTION,HF13
468,66,FUNCTION,HF08
469,65,FUNCTION,HF14
470,64,FUNCTION,HF20
471,63,FUNCTION,HF15
472,62,FUNCTION,HF19
473,61,FUNCTION,HF10
474,61,FUNCTION,HF22
475,61,FUNCTION,HF24
476,60,FUNCTION,HF03
477,58,FUNCTION,HF06
478,58,FUNCTION,HF07
479,59,FUNCTION,HF23
480,59,FUNCTION,HF24
481,57,FUNCTION,HF18
482,56,FUNCTION,HF10
483,55,FUNCTION,HF18
484,54,FUNCTION,HF07
485,53,FUNCTION,HF03
486,52,FUNCTION,HF17
487,51,FUNCTION,HF20
488,50,FUNCTION,HF20
489,49,FUNCTION,HF18
490,48,FUNCTION,HF05
491,47,FUNCTION,HF07
492,45,FUNCTION,HF07
493,46,FUNCTION,HF18
494,44,FUNCTION,HF18
495,42,FUNCTION,HF18
496,43,FUNCTION,HF15
497,41,FUNCTION,HF01
498,40,FUNCTION,HF18
499,39,FUNCTION,HF07
500,38,FUNCTION,HF22
501,38,FUNCTION,HF24
502,37,FUNCTION,HF02
503,36,FUNCTION,HF07
504,35,FUNCTION,HF18
505,34,FUNCTION,HF18
506,33,FUNCTION,HF18
507,32,FUNCTION,HF01
508,32,FUNCTION,HF06
509,31,FUNCTION,HF24
510,30,FUNCTION,HF18
511,29,FUNCTION,HF17
512,28,FUNCTION,HF15
513,27,FUNCTION,HF03
514,26,FUNCTION,HF07
515,25,FUNCTION,HF18
516,24,FUNCTION,HF07
517,23,FUNCTION,HF10
518,22,FUNCTION,HF17
519,21,FUNCTION,HF24
520,21,FUNCTION,HF25
521,20,FUNCTION,HF17
522,20,FUNCTION,HF26
523,18,FUNCTION,HF07
524,18,FUNCTION,HF08
525,17,FUNCTION,HF06
526,17,FUNCTION,HF24
527,19,FUNCTION,HF04
528,19,FUNCTION,HF06
529,14,FUNCTION,HF24
530,15,FUNCTION,HF10
531,15,FUNCTION,HF24
532,16,FUNCTION,HF07
533,16,FUNCTION,HF16
534,16,FUNCTION,HF24
535,12,FUNCTION,HF10
536,13,FUNCTION,HF08
537,11,FUNCTION,HF07
538,10,FUNCTION,HF05
539,9,FUNCTION,HF14
540,8,FUNCTION,HF03
541,7,FUNCTION,HF18
542,6,FUNCTION,HF20
543,5,FUNCTION,HF03
544,4,FUNCTION,HF07
545,3,FUNCTION,HF03
546,3,FUNCTION,HF09
547,1,FUNCTION,HF03
548,2,FUNCTION,HF17
549,431,FUNCTION,HF03
550,432,FUNCTION,HF05
551,433,FUNCTION,HF03
552,434,FUNCTION,HF09
553,435,FUNCTION,HF17
554,436,FUNCTION,HF07
555,438,FUNCTION,HF18
556,426,AGEGROUP,INFANT_TODDLER
557,419,DISEASE,DI05
558,419,DISEASE,DI08
559,422,DISEASE,DI14
560,422,ALLERGY,AL05
561,412,PREGNANCY,P3
562,412,PREGNANCY,P2
563,412,AGEGROUP,INFANT_TODDLER
564,412,AGEGROUP,KIDS
565,412,SEX,FEMALE
566,405,DISEASE,DI08
567,405,DISEASE,DI14
568,405,ALLERGY,AL06
569,405,PREGNANCY,P3
570,405,PREGNANCY,P2
571,396,PREGNANCY,P3
572,396,PREGNANCY,P2
573,396,AGEGROUP,INFANT_TODDLER
574,396,AGEGROUP,KIDS
575,396,SEX,FEMALE
576,404,PREGNANCY,P3
577,404,AGEGROUP,INFANT_TODDLER
578,400,PREGNANCY,P3
579,400,PREGNANCY,P2
580,400,AGEGROUP,INFANT_TODDLER
581,400,AGEGROUP,KIDS
582,400,SEX,FEMALE
583,401,DISEASE,DI10
584,415,DISEASE,DI04
585,415,DISEASE,DI06
586,415,PREGNANCY,P3
587,415,PREGNANCY,P2
588,415,AGEGROUP,INFANT_TODDLER
589,415,AGEGROUP,KIDS
590,415,AGEGROUP,OLD
591,410,DISEASE,DI04
592,410,DISEASE,DI06
593,410,PREGNANCY,P3
594,410,PREGNANCY,P2
595,410,AGEGROUP,INFANT_TODDLER
596,410,AGEGROUP,KIDS
597,410,AGEGROUP,OLD
598,397,DISEASE,DI05
599,397,DISEASE,DI08
600,391,ALLERGY,AL01
601,385,PREGNANCY,P3
602,385,PREGNANCY,P2
603,385,AGEGROUP,INFANT_TODDLER
604,385,AGEGROUP,KIDS
605,384,PREGNANCY,P3
606,384,PREGNANCY,P2
607,384,AGEGROUP,INFANT_TODDLER
608,384,AGEGROUP,KIDS
609,351,DISEASE,DI02
610,351,PREGNANCY,P3
611,351,PREGNANCY,P2
612,351,AGEGROUP,INFANT_TODDLER
613,351,AGEGROUP,KIDS
614,354,DISEASE,DI14
615,354,ALLERGY,AL05
616,354,ALLERGY,AL06
617,354,PREGNANCY,P3
618,354,PREGNANCY,P2
619,354,AGEGROUP,INFANT_TODDLER
620,354,AGEGROUP,KIDS
621,372,DISEASE,DI04
622,372,PREGNANCY,P3
623,372,PREGNANCY,P2
624,372,AGEGROUP,INFANT_TODDLER
625,372,AGEGROUP,KIDS
626,373,ALLERGY,AL07
627,373,PREGNANCY,P3
628,373,PREGNANCY,P2
629,373,AGEGROUP,INFANT_TODDLER
630,373,AGEGROUP,KIDS
631,373,SEX,FEMALE
632,366,PREGNANCY,P3
633,366,PREGNANCY,P2
634,366,AGEGROUP,INFANT_TODDLER
635,366,AGEGROUP,KIDS
636,366,SEX,FEMALE
637,350,PREGNANCY,P3
638,350,PREGNANCY,P2
639,350,AGEGROUP,INFANT_TODDLER
640,350,AGEGROUP,KIDS
641,350,OPERATION,O3
642,350,OPERATION,O2
643,350,OPERATION,O1
644,361,PREGNANCY,P3
645,361,PREGNANCY,P2
646,374,PREGNANCY,P3
647,374,PREGNANCY,P2
648,374,SEX,FEMALE
649,371,PREGNANCY,P3
650,371,PREGNANCY,P2
651,371,AGEGROUP,INFANT_TODDLER
652,371,AGEGROUP,KIDS
653,369,DISEASE,DI02
654,369,DISEASE,DI03
655,369,DISEASE,DI05
656,369,DISEASE,DI06
657,369,DISEASE,DI08
658,369,DISEASE,DI10
659,369,ALLERGY,AL01
660,369,PREGNANCY,P3
661,369,PREGNANCY,P2
662,369,OPERATION,O3
663,369,OPERATION,O2
664,369,OPERATION,O1
665,380,DISEASE,DI08
666,380,AGEGROUP,ADULT
667,380,SEX,MALE
668,380,OPERATION,O3
669,380,OPERATION,O2
670,380,OPERATION,O1
671,353,DISEASE,DI02
672,353,DISEASE,DI03
673,353,DISEASE,DI04
674,353,DISEASE,DI10
675,353,PREGNANCY,P3
676,353,PREGNANCY,P2
677,353,AGEGROUP,INFANT_TODDLER
678,353,AGEGROUP,KIDS
679,352,PREGNANCY,P3
680,352,AGEGROUP,INFANT_TODDLER
681,368,DISEASE,DI14
682,368,ALLERGY,AL05
683,368,ALLERGY,AL17
684,376,DISEASE,DI14
685,376,ALLERGY,AL05
686,348,DISEASE,DI05
687,348,DISEASE,DI08
688,348,PREGNANCY,P3
689,348,PREGNANCY,P2
690,348,AGEGROUP,INFANT_TODDLER
691,348,AGEGROUP,KIDS
692,347,PREGNANCY,P3
693,347,PREGNANCY,P2
694,347,AGEGROUP,INFANT_TODDLER
695,347,AGEGROUP,KIDS
696,346,DISEASE,DI12
697,346,AGEGROUP,INFANT_TODDLER
698,346,AGEGROUP,KIDS
699,345,PREGNANCY,P3
700,345,PREGNANCY,P2
701,345,AGEGROUP,INFANT_TODDLER
702,345,AGEGROUP,KIDS
703,344,PREGNANCY,P3
704,344,PREGNANCY,P2
705,344,AGEGROUP,INFANT_TODDLER
706,344,AGEGROUP,KIDS
707,343,ALLERGY,AL01
708,301,DISEASE,DI09
709,301,PREGNANCY,P3
710,301,PREGNANCY,P2
711,310,PREGNANCY,P3
712,310,PREGNANCY,P2
713,310,AGEGROUP,INFANT_TODDLER
714,310,AGEGROUP,KIDS
715,310,SEX,FEMALE
716,299,PREGNANCY,P3
717,299,PREGNANCY,P2
718,299,AGEGROUP,INFANT_TODDLER
719,299,AGEGROUP,KIDS
720,281,PREGNANCY,P3
721,281,AGEGROUP,INFANT_TODDLER
722,281,AGEGROUP,KIDS
723,298,PREGNANCY,P3
724,298,PREGNANCY,P2
725,298,SEX,FEMALE
726,296,DISEASE,DI02
727,296,DISEASE,DI03
728,296,DISEASE,DI04
729,296,PREGNANCY,P3
730,296,PREGNANCY,P2
731,289,PREGNANCY,P3
732,295,DISEASE,DI08
733,256,PREGNANCY,P3
734,256,PREGNANCY,P2
735,256,AGEGROUP,INFANT_TODDLER
736,256,AGEGROUP,KIDS
737,270,PREGNANCY,P3
738,270,PREGNANCY,P2
739,270,AGEGROUP,INFANT_TODDLER
740,270,AGEGROUP,KIDS
741,238,PREGNANCY,P3
742,238,PREGNANCY,P2
743,238,AGEGROUP,INFANT_TODDLER
744,238,AGEGROUP,KIDS
745,303,PREGNANCY,P3
746,303,PREGNANCY,P2
747,232,DISEASE,DI03
748,232,DISEASE,DI06
749,232,DISEASE,DI07
750,232,DISEASE,DI08
751,232,PREGNANCY,P3
752,232,PREGNANCY,P2
753,232,AGEGROUP,INFANT_TODDLER
754,232,AGEGROUP,KIDS
755,247,PREGNANCY,P3
756,247,PREGNANCY,P2
757,247,AGEGROUP,INFANT_TODDLER
758,247,AGEGROUP,KIDS
759,249,ALLERGY,AL07
760,250,PREGNANCY,P3
761,250,PREGNANCY,P2
762,250,AGEGROUP,INFANT_TODDLER
763,250,AGEGROUP,KIDS
764,253,DISEASE,DI16
765,255,DISEASE,DI04
766,255,DISEASE,DI06
767,255,PREGNANCY,P3
768,255,PREGNANCY,P2
769,255,AGEGROUP,INFANT_TODDLER
770,255,AGEGROUP,KIDS
771,255,AGEGROUP,OLD
772,240,PREGNANCY,P3
773,240,PREGNANCY,P2
774,240,AGEGROUP,INFANT_TODDLER
775,240,AGEGROUP,KIDS
776,199,ALLERGY,AL03
777,257,PREGNANCY,P3
778,257,PREGNANCY,P2
779,257,AGEGROUP,INFANT_TODDLER
780,257,AGEGROUP,KIDS
781,335,PREGNANCY,P3
782,335,PREGNANCY,P2
783,335,AGEGROUP,INFANT_TODDLER
784,335,AGEGROUP,KIDS
785,305,DISEASE,DI02
786,305,PREGNANCY,P3
787,305,PREGNANCY,P2
788,258,PREGNANCY,P3
789,258,PREGNANCY,P2
790,302,DISEASE,DI09
791,302,PREGNANCY,P3
792,302,PREGNANCY,P2
793,278,DISEASE,DI08
794,278,PREGNANCY,P3
795,278,PREGNANCY,P2
796,278,AGEGROUP,INFANT_TODDLER
797,278,AGEGROUP,KIDS
798,278,SEX,FEMALE
799,308,PREGNANCY,P3
800,308,PREGNANCY,P2
801,274,DISEASE,DI08
802,274,PREGNANCY,P3
803,274,PREGNANCY,P2
804,276,DISEASE,DI08
805,276,PREGNANCY,P3
806,276,PREGNANCY,P2
807,276,SEX,FEMALE
808,276,OPERATION,O3
809,276,OPERATION,O2
810,276,OPERATION,O1
811,231,PREGNANCY,P3
812,231,PREGNANCY,P2
813,231,AGEGROUP,INFANT_TODDLER
814,231,AGEGROUP,KIDS
815,332,DISEASE,DI13
816,332,DISEASE,DI14
817,332,ALLERGY,AL06
818,332,PREGNANCY,P3
819,332,PREGNANCY,P2
820,246,ALLERGY,AL07
821,246,PREGNANCY,P3
822,246,PREGNANCY,P2
823,246,AGEGROUP,INFANT_TODDLER
824,246,AGEGROUP,KIDS
825,246,SEX,FEMALE
826,235,PREGNANCY,P3
827,235,PREGNANCY,P2
828,235,AGEGROUP,INFANT_TODDLER
829,235,AGEGROUP,KIDS
830,287,PREGNANCY,P3
831,287,PREGNANCY,P2
832,287,SEX,FEMALE
833,291,PREGNANCY,P3
834,291,PREGNANCY,P2
835,291,AGEGROUP,INFANT_TODDLER
836,291,AGEGROUP,KIDS
837,291,SEX,FEMALE
838,292,ALLERGY,AL08
839,318,DISEASE,DI14
840,318,ALLERGY,AL06
841,318,PREGNANCY,P3
842,318,PREGNANCY,P2
843,318,AGEGROUP,INFANT_TODDLER
844,318,AGEGROUP,KIDS
845,331,PREGNANCY,P3
846,331,PREGNANCY,P2
847,331,AGEGROUP,INFANT_TODDLER
848,331,AGEGROUP,KIDS
849,293,PREGNANCY,P3
850,293,PREGNANCY,P2
851,293,AGEGROUP,INFANT_TODDLER
852,293,AGEGROUP,KIDS
853,293,SEX,FEMALE
854,304,PREGNANCY,P3
855,304,PREGNANCY,P2
856,304,AGEGROUP,INFANT_TODDLER
857,304,AGEGROUP,KIDS
858,273,DISEASE,DI02
859,273,DISEASE,DI03
860,273,DISEASE,DI04
861,273,PREGNANCY,P3
862,273,PREGNANCY,P2
863,286,DISEASE,DI09
864,286,PREGNANCY,P3
865,286,PREGNANCY,P2
866,286,AGEGROUP,INFANT_TODDLER
867,286,AGEGROUP,KIDS
868,263,PREGNANCY,P3
869,263,PREGNANCY,P2
870,263,AGEGROUP,INFANT_TODDLER
871,263,AGEGROUP,KIDS
872,269,PREGNANCY,P3
873,269,PREGNANCY,P2
874,269,AGEGROUP,INFANT_TODDLER
875,269,AGEGROUP,KIDS
876,269,SEX,FEMALE
877,325,PREGNANCY,P3
878,325,PREGNANCY,P2
879,325,AGEGROUP,INFANT_TODDLER
880,325,AGEGROUP,KIDS
881,325,SEX,FEMALE
882,309,PREGNANCY,P3
883,309,PREGNANCY,P2
884,309,SEX,FEMALE
885,324,PREGNANCY,P3
886,324,PREGNANCY,P2
887,324,AGEGROUP,INFANT_TODDLER
888,307,PREGNANCY,P3
889,307,PREGNANCY,P2
890,307,AGEGROUP,INFANT_TODDLER
891,307,AGEGROUP,KIDS
892,307,SEX,FEMALE
893,306,DISEASE,DI05
894,306,PREGNANCY,P3
895,306,PREGNANCY,P2
896,282,PREGNANCY,P3
897,282,PREGNANCY,P2
898,265,PREGNANCY,P3
899,265,PREGNANCY,P2
900,265,AGEGROUP,INFANT_TODDLER
901,266,PREGNANCY,P3
902,266,PREGNANCY,P2
903,267,DISEASE,DI14
904,267,ALLERGY,AL05
905,267,PREGNANCY,P3
906,267,PREGNANCY,P2
907,267,AGEGROUP,INFANT_TODDLER
908,267,AGEGROUP,KIDS
909,268,DISEASE,DI14
910,268,ALLERGY,AL05
911,268,PREGNANCY,P3
912,268,PREGNANCY,P2
913,268,AGEGROUP,INFANT_TODDLER
914,268,AGEGROUP,KIDS
915,272,PREGNANCY,P3
916,272,PREGNANCY,P2
917,279,PREGNANCY,P3
918,279,PREGNANCY,P2
919,280,ALLERGY,AL14
920,264,ALLERGY,AL11
921,264,ALLERGY,AL12
922,264,ALLERGY,AL13
923,264,PREGNANCY,P3
924,264,PREGNANCY,P2
925,264,SEX,FEMALE
926,288,PREGNANCY,P3
927,329,DISEASE,DI13
928,329,DISEASE,DI14
929,329,ALLERGY,AL09
930,329,PREGNANCY,P3
931,329,PREGNANCY,P2
932,329,AGEGROUP,INFANT_TODDLER
933,329,AGEGROUP,KIDS
934,329,SEX,FEMALE
935,271,DISEASE,DI14
936,271,ALLERGY,AL06
937,271,PREGNANCY,P3
938,271,PREGNANCY,P2
939,271,AGEGROUP,INFANT_TODDLER
940,271,AGEGROUP,KIDS
941,312,PREGNANCY,P3
942,312,PREGNANCY,P2
943,312,AGEGROUP,INFANT_TODDLER
944,312,AGEGROUP,KIDS
945,334,PREGNANCY,P3
946,334,PREGNANCY,P2
947,334,AGEGROUP,INFANT_TODDLER
948,334,AGEGROUP,KIDS
949,334,SEX,FEMALE
950,316,PREGNANCY,P3
951,316,PREGNANCY,P2
952,316,AGEGROUP,INFANT_TODDLER
953,316,AGEGROUP,KIDS
954,316,SEX,FEMALE
955,275,PREGNANCY,P3
956,275,PREGNANCY,P2
957,275,AGEGROUP,INFANT_TODDLER
958,275,AGEGROUP,KIDS
959,323,DISEASE,DI01
960,323,DISEASE,DI09
961,323,PREGNANCY,P3
962,323,PREGNANCY,P2
963,323,AGEGROUP,INFANT_TODDLER
964,323,AGEGROUP,KIDS
965,230,PREGNANCY,P3
966,230,PREGNANCY,P2
967,300,DISEASE,DI14
968,300,ALLERGY,AL05
969,300,ALLERGY,AL06
970,300,ALLERGY,AL10
971,300,PREGNANCY,P3
972,300,PREGNANCY,P2
973,300,AGEGROUP,INFANT_TODDLER
974,300,AGEGROUP,KIDS
975,327,PREGNANCY,P3
976,327,PREGNANCY,P2
977,327,AGEGROUP,INFANT_TODDLER
978,327,AGEGROUP,KIDS
979,233,DISEASE,DI14
980,233,ALLERGY,AL06
981,233,ALLERGY,AL19
982,233,PREGNANCY,P3
983,233,PREGNANCY,P2
984,200,PREGNANCY,P3
985,200,PREGNANCY,P2
986,200,AGEGROUP,INFANT_TODDLER
987,200,AGEGROUP,KIDS
988,200,SEX,FEMALE
989,209,PREGNANCY,P3
990,209,PREGNANCY,P2
991,209,AGEGROUP,INFANT_TODDLER
992,209,AGEGROUP,KIDS
993,338,ALLERGY,AL03
994,338,PREGNANCY,P3
995,338,PREGNANCY,P2
996,338,AGEGROUP,INFANT_TODDLER
997,338,AGEGROUP,KIDS
998,341,ALLERGY,AL02
999,341,PREGNANCY,P3
1000,341,PREGNANCY,P2
1001,341,AGEGROUP,INFANT_TODDLER
1002,341,AGEGROUP,KIDS
1003,340,DISEASE,DI05
1004,340,DISEASE,DI08
1005,342,ALLERGY,AL15
1006,214,PREGNANCY,P3
1007,214,PREGNANCY,P2
1008,214,AGEGROUP,INFANT_TODDLER
1009,214,AGEGROUP,KIDS
1010,203,DISEASE,DI08
1011,321,DISEASE,DI14
1012,321,ALLERGY,AL06
1013,321,PREGNANCY,P3
1014,321,PREGNANCY,P2
1015,321,AGEGROUP,INFANT_TODDLER
1016,321,AGEGROUP,KIDS
1017,328,PREGNANCY,P3
1018,328,PREGNANCY,P2
1019,328,AGEGROUP,INFANT_TODDLER
1020,328,AGEGROUP,KIDS
1021,314,DISEASE,DI08
1022,314,PREGNANCY,P3
1023,314,PREGNANCY,P2
1024,314,AGEGROUP,INFANT_TODDLER
1025,314,AGEGROUP,KIDS
1026,239,DISEASE,DI02
1027,215,DISEASE,DI15
1028,215,PREGNANCY,P3
1029,215,PREGNANCY,P2
1030,215,AGEGROUP,INFANT_TODDLER
1031,215,AGEGROUP,KIDS
1032,315,PREGNANCY,P3
1033,315,PREGNANCY,P2
1034,315,AGEGROUP,INFANT_TODDLER
1035,315,AGEGROUP,KIDS
1036,201,DISEASE,DI14
1037,201,ALLERGY,AL06
1038,201,PREGNANCY,P3
1039,201,PREGNANCY,P2
1040,201,AGEGROUP,INFANT_TODDLER
1041,201,AGEGROUP,KIDS
1042,330,DISEASE,DI02
1043,330,DISEASE,DI04
1044,330,PREGNANCY,P3
1045,330,PREGNANCY,P2
1046,330,AGEGROUP,INFANT_TODDLER
1047,330,AGEGROUP,KIDS
1048,210,DISEASE,DI05
1049,210,PREGNANCY,P3
1050,210,PREGNANCY,P2
1051,210,AGEGROUP,INFANT_TODDLER
1052,210,AGEGROUP,KIDS
1053,202,DISEASE,DI04
1054,202,DISEASE,DI06
1055,202,PREGNANCY,P3
1056,202,PREGNANCY,P2
1057,202,AGEGROUP,INFANT_TODDLER
1058,202,AGEGROUP,KIDS
1059,202,AGEGROUP,OLD
1060,228,DISEASE,DI05
1061,229,DISEASE,DI14
1062,229,ALLERGY,AL05
1063,229,ALLERGY,AL06
1064,229,ALLERGY,AL10
1065,229,PREGNANCY,P3
1066,229,PREGNANCY,P2
1067,229,AGEGROUP,INFANT_TODDLER
1068,229,AGEGROUP,KIDS
1069,226,PREGNANCY,P3
1070,226,PREGNANCY,P2
1071,226,AGEGROUP,INFANT_TODDLER
1072,226,AGEGROUP,KIDS
1073,226,OPERATION,O3
1074,226,OPERATION,O2
1075,226,OPERATION,O1
1076,208,PREGNANCY,P3
1077,208,PREGNANCY,P2
1078,208,SEX,FEMALE
1079,224,DISEASE,DI09
1080,224,PREGNANCY,P3
1081,224,PREGNANCY,P2
1082,224,AGEGROUP,INFANT_TODDLER
1083,224,AGEGROUP,KIDS
1084,205,DISEASE,DI01
1085,205,DISEASE,DI02
1086,205,DISEASE,DI04
1087,205,DISEASE,DI06
1088,204,ALLERGY,AL07
1089,237,PREGNANCY,P3
1090,237,PREGNANCY,P2
1091,237,AGEGROUP,INFANT_TODDLER
1092,236,DISEASE,DI05
1093,236,DISEASE,DI08
1094,212,DISEASE,DI14
1095,212,ALLERGY,AL06
1096,212,PREGNANCY,P3
1097,212,PREGNANCY,P2
1098,212,AGEGROUP,INFANT_TODDLER
1099,212,AGEGROUP,KIDS
1100,234,DISEASE,DI08
1101,207,PREGNANCY,P3
1102,207,PREGNANCY,P2
1103,207,AGEGROUP,INFANT_TODDLER
1104,207,AGEGROUP,KIDS
1105,206,DISEASE,DI13
1106,206,PREGNANCY,P3
1107,206,PREGNANCY,P2
1108,206,AGEGROUP,INFANT_TODDLER
1109,206,AGEGROUP,KIDS
1110,319,ALLERGY,AL16
1111,319,PREGNANCY,P3
1112,319,PREGNANCY,P2
1113,319,AGEGROUP,INFANT_TODDLER
1114,319,AGEGROUP,KIDS
1115,248,PREGNANCY,P3
1116,248,PREGNANCY,P2
1117,198,ALLERGY,AL18
1118,198,PREGNANCY,P3
1119,198,PREGNANCY,P2
1120,198,AGEGROUP,INFANT_TODDLER
1121,198,AGEGROUP,KIDS
1122,198,OPERATION,O3
1123,198,OPERATION,O2
1124,198,OPERATION,O1
1125,194,PREGNANCY,P3
1126,194,PREGNANCY,P2
1127,195,PREGNANCY,P3
1128,192,DISEASE,DI11
1129,192,ALLERGY,AL20
1130,192,PREGNANCY,P3
1131,192,PREGNANCY,P2
1132,192,AGEGROUP,INFANT_TODDLER
1133,193,PREGNANCY,P3
1134,193,PREGNANCY,P2
1135,191,DISEASE,DI05
1136,191,DISEASE,DI08
1137,189,PREGNANCY,P3
1138,189,PREGNANCY,P2
1139,189,AGEGROUP,INFANT_TODDLER
1140,189,AGEGROUP,KIDS
1141,188,DISEASE,DI02
1142,188,DISEASE,DI04
1143,188,PREGNANCY,P3
1144,188,PREGNANCY,P2
1145,188,AGEGROUP,INFANT_TODDLER
1146,188,AGEGROUP,KIDS
1147,185,DISEASE,DI05
1148,185,DISEASE,DI08
1149,185,DISEASE,DI13
1150,185,PREGNANCY,P3
1151,185,PREGNANCY,P2
1152,185,AGEGROUP,INFANT_TODDLER
1153,185,AGEGROUP,KIDS
1154,181,ALLERGY,AL01
1155,178,PREGNANCY,P3
1156,178,PREGNANCY,P2
1157,178,AGEGROUP,INFANT_TODDLER
1158,178,AGEGROUP,KIDS
1159,174,DISEASE,DI02
1160,174,DISEASE,DI08
1161,174,PREGNANCY,P3
1162,174,PREGNANCY,P2
1163,175,DISEASE,DI06
1164,156,PREGNANCY,P3
1165,156,PREGNANCY,P2
1166,156,AGEGROUP,INFANT_TODDLER
1167,156,AGEGROUP,KIDS
1168,154,DISEASE,DI08
1169,154,PREGNANCY,P3
1170,154,PREGNANCY,P2
1171,154,AGEGROUP,INFANT_TODDLER
1172,154,AGEGROUP,KIDS
1173,154,SEX,FEMALE
1174,162,DISEASE,DI02
1175,162,PREGNANCY,P3
1176,162,PREGNANCY,P2
1177,173,PREGNANCY,P3
1178,173,PREGNANCY,P2
1179,173,AGEGROUP,INFANT_TODDLER
1180,173,AGEGROUP,KIDS
1181,166,DISEASE,DI01
1182,166,DISEASE,DI02
1183,166,DISEASE,DI04
1184,166,DISEASE,DI06
1185,172,PREGNANCY,P3
1186,172,PREGNANCY,P2
1187,164,DISEASE,DI03
1188,164,DISEASE,DI06
1189,164,DISEASE,DI07
1190,164,DISEASE,DI08
1191,164,PREGNANCY,P3
1192,164,PREGNANCY,P2
1193,164,AGEGROUP,INFANT_TODDLER
1194,164,AGEGROUP,KIDS
1195,160,DISEASE,DI08
1196,160,DISEASE,DI14
1197,160,ALLERGY,AL06
1198,160,PREGNANCY,P3
1199,160,PREGNANCY,P2
1200,168,DISEASE,DI08
1201,168,DISEASE,DI14
1202,168,ALLERGY,AL05
1203,168,PREGNANCY,P3
1204,168,PREGNANCY,P2
1205,168,OPERATION,O3
1206,168,OPERATION,O2
1207,168,OPERATION,O1
1208,165,PREGNANCY,P3
1209,165,PREGNANCY,P2
1210,165,AGEGROUP,INFANT_TODDLER
1211,165,AGEGROUP,KIDS
1212,155,PREGNANCY,P3
1213,155,PREGNANCY,P2
1214,155,AGEGROUP,INFANT_TODDLER
1215,155,AGEGROUP,KIDS
1216,158,PREGNANCY,P3
1217,158,PREGNANCY,P2
1218,158,AGEGROUP,INFANT_TODDLER
1219,158,AGEGROUP,KIDS
1220,157,DISEASE,DI05
1221,157,DISEASE,DI08
1222,177,DISEASE,DI08
1223,177,DISEASE,DI14
1224,177,ALLERGY,AL05
1225,177,PREGNANCY,P3
1226,177,PREGNANCY,P2
1227,177,OPERATION,O3
1228,177,OPERATION,O2
1229,177,OPERATION,O1
1230,163,PREGNANCY,P3
1231,163,PREGNANCY,P2
1232,170,DISEASE,DI01
1233,170,DISEASE,DI08
1234,167,DISEASE,DI02
1235,167,PREGNANCY,P3
1236,167,PREGNANCY,P2
1237,161,PREGNANCY,P3
1238,161,PREGNANCY,P2
1239,161,AGEGROUP,INFANT_TODDLER
1240,161,AGEGROUP,KIDS
1241,151,AGEGROUP,INFANT_TODDLER
1242,151,AGEGROUP,KIDS
1243,153,DISEASE,DI05
1244,153,DISEASE,DI08
1245,149,PREGNANCY,P3
1246,149,PREGNANCY,P2
1247,149,AGEGROUP,INFANT_TODDLER
1248,149,AGEGROUP,KIDS
1249,148,PREGNANCY,P3
1250,148,PREGNANCY,P2
1251,148,AGEGROUP,INFANT_TODDLER
1252,148,AGEGROUP,KIDS
1253,147,PREGNANCY,P3
1254,147,PREGNANCY,P2
1255,147,AGEGROUP,INFANT_TODDLER
1256,147,AGEGROUP,KIDS
1257,146,PREGNANCY,P3
1258,146,PREGNANCY,P2
1259,145,PREGNANCY,P3
1260,145,PREGNANCY,P2
1261,145,AGEGROUP,INFANT_TODDLER
1262,145,AGEGROUP,KIDS
1263,144,PREGNANCY,P3
1264,144,PREGNANCY,P2
1265,144,AGEGROUP,INFANT_TODDLER
1266,144,AGEGROUP,KIDS
1267,139,DISEASE,DI08
1268,136,SMOKING,S1
1269,137,DISEASE,DI01
1270,137,DISEASE,DI04
1271,135,PREGNANCY,P3
1272,135,PREGNANCY,P2
1273,135,AGEGROUP,INFANT_TODDLER
1274,135,AGEGROUP,KIDS
1275,134,PREGNANCY,P3
1276,134,PREGNANCY,P2
1277,134,AGEGROUP,INFANT_TODDLER
1278,134,AGEGROUP,KIDS
1279,133,PREGNANCY,P3
1280,133,PREGNANCY,P2
1281,132,PREGNANCY,P3
1282,132,PREGNANCY,P2
1283,132,AGEGROUP,INFANT_TODDLER
1284,132,AGEGROUP,KIDS
1285,132,SEX,FEMALE
1286,131,PREGNANCY,P3
1287,131,PREGNANCY,P2
1288,131,AGEGROUP,INFANT_TODDLER
1289,131,AGEGROUP,KIDS
1290,131,OPERATION,O3
1291,131,OPERATION,O2
1292,131,OPERATION,O1
1293,130,ALLERGY,AL16
1294,130,PREGNANCY,P3
1295,130,PREGNANCY,P2
1296,130,AGEGROUP,INFANT_TODDLER
1297,130,AGEGROUP,KIDS
1298,129,DISEASE,DI03
1299,129,DISEASE,DI10
1300,129,PREGNANCY,P3
1301,129,PREGNANCY,P2
1302,125,PREGNANCY,P3
1303,125,PREGNANCY,P2
1304,125,AGEGROUP,INFANT_TODDLER
1305,125,AGEGROUP,KIDS
1306,125,SEX,FEMALE
1307,128,DISEASE,DI14
1308,128,ALLERGY,AL06
1309,128,PREGNANCY,P3
1310,128,PREGNANCY,P2
1311,128,AGEGROUP,INFANT_TODDLER
1312,128,AGEGROUP,KIDS
1313,124,DISEASE,DI14
1314,124,ALLERGY,AL06
1315,124,PREGNANCY,P3
1316,124,PREGNANCY,P2
1317,124,AGEGROUP,INFANT_TODDLER
1318,124,AGEGROUP,KIDS
1319,127,PREGNANCY,P3
1320,127,PREGNANCY,P2
1321,127,AGEGROUP,INFANT_TODDLER
1322,127,AGEGROUP,KIDS
1323,123,PREGNANCY,P3
1324,123,PREGNANCY,P2
1325,122,DISEASE,DI10
1326,122,DISEASE,DI14
1327,122,ALLERGY,AL05
1328,122,ALLERGY,AL06
1329,122,ALLERGY,AL07
1330,122,PREGNANCY,P3
1331,122,PREGNANCY,P2
1332,122,AGEGROUP,INFANT_TODDLER
1333,122,AGEGROUP,KIDS
1334,121,PREGNANCY,P3
1335,121,PREGNANCY,P2
1336,121,AGEGROUP,INFANT_TODDLER
1337,121,AGEGROUP,KIDS
1338,111,DISEASE,DI05
1339,116,DISEASE,DI08
1340,116,PREGNANCY,P3
1341,116,PREGNANCY,P2
1342,116,AGEGROUP,INFANT_TODDLER
1343,116,AGEGROUP,KIDS
1344,116,OPERATION,O3
1345,116,OPERATION,O2
1346,116,OPERATION,O1
1347,104,DISEASE,DI02
1348,104,DISEASE,DI08
1349,104,PREGNANCY,P3
1350,104,PREGNANCY,P2
1351,107,PREGNANCY,P3
1352,107,PREGNANCY,P2
1353,107,AGEGROUP,INFANT_TODDLER
1354,107,AGEGROUP,KIDS
1355,106,AGEGROUP,ADULT
1356,106,SEX,MALE
1357,102,DISEASE,DI05
1358,102,DISEASE,DI08
1359,103,DISEASE,DI10
1360,108,ALLERGY,AL07
1361,108,PREGNANCY,P3
1362,108,PREGNANCY,P2
1363,108,AGEGROUP,INFANT_TODDLER
1364,108,AGEGROUP,KIDS
1365,110,DISEASE,DI03
1366,110,DISEASE,DI08
1367,110,PREGNANCY,P3
1368,110,PREGNANCY,P2
1369,110,AGEGROUP,INFANT_TODDLER
1370,110,AGEGROUP,KIDS
1371,110,AGEGROUP,TEENAGER
1372,110,OPERATION,O3
1373,110,OPERATION,O2
1374,110,OPERATION,O1
1375,101,PREGNANCY,P3
1376,101,PREGNANCY,P2
1377,101,AGEGROUP,INFANT_TODDLER
1378,101,AGEGROUP,KIDS
1379,100,PREGNANCY,P3
1380,100,PREGNANCY,P2
1381,100,AGEGROUP,INFANT_TODDLER
1382,100,AGEGROUP,KIDS
1383,98,PREGNANCY,P3
1384,98,PREGNANCY,P2
1385,98,AGEGROUP,INFANT_TODDLER
1386,98,AGEGROUP,KIDS
1387,98,SMOKING,S1
1388,99,PREGNANCY,P3
1389,99,PREGNANCY,P2
1390,99,AGEGROUP,INFANT_TODDLER
1391,99,AGEGROUP,KIDS
1392,95,PREGNANCY,P3
1393,95,PREGNANCY,P2
1394,95,AGEGROUP,INFANT_TODDLER
1395,95,AGEGROUP,KIDS
1396,97,PREGNANCY,P3
1397,97,PREGNANCY,P2
1398,97,AGEGROUP,INFANT_TODDLER
1399,97,AGEGROUP,KIDS
1400,96,DISEASE,DI14
1401,96,ALLERGY,AL06
1402,96,PREGNANCY,P3
1403,96,PREGNANCY,P2
1404,96,AGEGROUP,INFANT_TODDLER
1405,96,AGEGROUP,KIDS
1406,94,PREGNANCY,P3
1407,94,PREGNANCY,P2
1408,94,PREGNANCY,P1
1409,94,AGEGROUP,INFANT_TODDLER
1410,94,AGEGROUP,KIDS
1411,94,AGEGROUP,TEENAGER
1412,93,DISEASE,DI08
1413,93,DISEASE,DI12
1414,93,PREGNANCY,P3
1415,93,PREGNANCY,P2
1416,93,AGEGROUP,INFANT_TODDLER
1417,93,AGEGROUP,KIDS
1418,92,DISEASE,DI15
1419,92,PREGNANCY,P3
1420,92,PREGNANCY,P2
1421,92,AGEGROUP,INFANT_TODDLER
1422,92,AGEGROUP,KIDS
1423,91,DISEASE,DI06
1424,91,DISEASE,DI13
1425,91,PREGNANCY,P3
1426,91,PREGNANCY,P2
1427,91,AGEGROUP,INFANT_TODDLER
1428,90,PREGNANCY,P3
1429,90,PREGNANCY,P2
1430,90,AGEGROUP,INFANT_TODDLER
1431,90,AGEGROUP,KIDS
1432,89,DISEASE,DI13
1433,89,PREGNANCY,P3
1434,89,PREGNANCY,P2
1435,89,PREGNANCY,P1
1436,89,AGEGROUP,INFANT_TODDLER
1437,89,AGEGROUP,KIDS
1438,89,AGEGROUP,TEENAGER
1439,88,DISEASE,DI09
1440,88,DISEASE,DI13
1441,88,DISEASE,DI14
1442,88,PREGNANCY,P3
1443,88,PREGNANCY,P2
1444,88,AGEGROUP,INFANT_TODDLER
1445,88,AGEGROUP,KIDS
1446,87,PREGNANCY,P3
1447,87,PREGNANCY,P2
1448,87,AGEGROUP,INFANT_TODDLER
1449,87,AGEGROUP,KIDS
1450,86,DISEASE,DI14
1451,86,ALLERGY,AL06
1452,86,PREGNANCY,P3
1453,86,PREGNANCY,P2
1454,86,AGEGROUP,INFANT_TODDLER
1455,86,AGEGROUP,KIDS
1456,85,PREGNANCY,P3
1457,85,PREGNANCY,P2
1458,85,AGEGROUP,INFANT_TODDLER
1459,85,AGEGROUP,KIDS
1460,84,PREGNANCY,P3
1461,84,PREGNANCY,P2
1462,84,AGEGROUP,INFANT_TODDLER
1463,84,AGEGROUP,KIDS
1464,84,SEX,FEMALE
1465,83,PREGNANCY,P3
1466,83,PREGNANCY,P2
1467,83,AGEGROUP,INFANT_TODDLER
1468,83,AGEGROUP,KIDS
1469,82,DISEASE,DI08
1470,82,PREGNANCY,P3
1471,82,PREGNANCY,P2
1472,82,AGEGROUP,INFANT_TODDLER
1473,82,AGEGROUP,KIDS
1474,81,PREGNANCY,P3
1475,81,PREGNANCY,P2
1476,81,AGEGROUP,INFANT_TODDLER
1477,81,AGEGROUP,KIDS
1478,79,PREGNANCY,P3
1479,79,PREGNANCY,P2
1480,79,AGEGROUP,INFANT_TODDLER
1481,79,AGEGROUP,KIDS
1482,79,SMOKING,S1
1483,77,DISEASE,DI01
1484,77,DISEASE,DI02
1485,77,DISEASE,DI04
1486,77,PREGNANCY,P3
1487,77,PREGNANCY,P2
1488,77,AGEGROUP,INFANT_TODDLER
1489,77,AGEGROUP,KIDS
1490,80,PREGNANCY,P3
1491,80,PREGNANCY,P2
1492,80,AGEGROUP,INFANT_TODDLER
1493,80,AGEGROUP,KIDS
1494,76,PREGNANCY,P3
1495,76,PREGNANCY,P2
1496,76,AGEGROUP,INFANT_TODDLER
1497,76,AGEGROUP,KIDS
1498,74,PREGNANCY,P3
1499,74,PREGNANCY,P2
1500,74,AGEGROUP,INFANT_TODDLER
1501,74,AGEGROUP,KIDS
1502,75,PREGNANCY,P3
1503,75,PREGNANCY,P2
1504,75,AGEGROUP,INFANT_TODDLER
1505,75,AGEGROUP,KIDS
1506,73,PREGNANCY,P3
1507,73,PREGNANCY,P2
1508,73,AGEGROUP,INFANT_TODDLER
1509,73,AGEGROUP,KIDS
1510,72,PREGNANCY,P3
1511,72,PREGNANCY,P2
1512,72,AGEGROUP,INFANT_TODDLER
1513,72,AGEGROUP,KIDS
1514,71,PREGNANCY,P3
1515,71,PREGNANCY,P2
1516,71,AGEGROUP,INFANT_TODDLER
1517,71,AGEGROUP,KIDS
1518,69,PREGNANCY,P3
1519,69,PREGNANCY,P2
1520,69,AGEGROUP,INFANT_TODDLER
1521,69,AGEGROUP,KIDS
1522,68,DISEASE,DI15
1523,68,PREGNANCY,P3
1524,68,PREGNANCY,P2
1525,68,AGEGROUP,INFANT_TODDLER
1526,68,AGEGROUP,KIDS
1527,67,DISEASE,DI03
1528,67,DISEASE,DI05
1529,67,DISEASE,DI08
1530,67,AGEGROUP,ADULT
1531,67,SEX,MALE
1532,66,PREGNANCY,P3
1533,66,PREGNANCY,P2
1534,66,AGEGROUP,INFANT_TODDLER
1535,66,AGEGROUP,KIDS
1536,66,SMOKING,S1
1537,65,AGEGROUP,ADULT
1538,65,SEX,MALE
1539,64,DISEASE,DI02
1540,64,PREGNANCY,P3
1541,64,PREGNANCY,P2
1542,64,AGEGROUP,INFANT_TODDLER
1543,64,AGEGROUP,KIDS
1544,63,DISEASE,DI14
1545,63,ALLERGY,AL06
1546,63,PREGNANCY,P3
1547,63,PREGNANCY,P2
1548,63,AGEGROUP,INFANT_TODDLER
1549,63,AGEGROUP,KIDS
1550,62,DISEASE,DI13
1551,62,PREGNANCY,P3
1552,62,PREGNANCY,P2
1553,62,AGEGROUP,INFANT_TODDLER
1554,62,AGEGROUP,KIDS
1555,60,PREGNANCY,P3
1556,60,PREGNANCY,P2
1557,60,PREGNANCY,P1
1558,60,AGEGROUP,INFANT_TODDLER
1559,60,AGEGROUP,KIDS
1560,60,AGEGROUP,TEENAGER
1561,57,DISEASE,DI08
1562,57,PREGNANCY,P3
1563,57,PREGNANCY,P2
1564,57,AGEGROUP,INFANT_TODDLER
1565,57,AGEGROUP,KIDS
1566,56,DISEASE,DI15
1567,56,PREGNANCY,P3
1568,56,PREGNANCY,P2
1569,56,AGEGROUP,INFANT_TODDLER
1570,56,AGEGROUP,KIDS
1571,55,DISEASE,DI05
1572,55,DISEASE,DI06
1573,55,PREGNANCY,P3
1574,55,PREGNANCY,P2
1575,55,AGEGROUP,INFANT_TODDLER
1576,55,AGEGROUP,KIDS
1577,54,PREGNANCY,P3
1578,54,PREGNANCY,P2
1579,54,AGEGROUP,INFANT_TODDLER
1580,54,AGEGROUP,KIDS
1581,53,PREGNANCY,P3
1582,53,PREGNANCY,P2
1583,53,AGEGROUP,INFANT_TODDLER
1584,53,AGEGROUP,KIDS
1585,52,PREGNANCY,P3
1586,52,PREGNANCY,P2
1587,52,AGEGROUP,INFANT_TODDLER
1588,52,AGEGROUP,KIDS
1589,52,OPERATION,O3
1590,52,OPERATION,O2
1591,52,OPERATION,O1
1592,51,PREGNANCY,P3
1593,51,PREGNANCY,P2
1594,51,AGEGROUP,INFANT_TODDLER
1595,51,AGEGROUP,KIDS
1596,50,PREGNANCY,P3
1597,50,PREGNANCY,P2
1598,50,AGEGROUP,INFANT_TODDLER
1599,50,AGEGROUP,KIDS
1600,49,PREGNANCY,P3
1601,49,PREGNANCY,P2
1602,49,AGEGROUP,INFANT_TODDLER
1603,49,AGEGROUP,KIDS
1604,48,DISEASE,DI12
1605,48,PREGNANCY,P3
1606,48,PREGNANCY,P2
1607,48,AGEGROUP,INFANT_TODDLER
1608,48,AGEGROUP,KIDS
1609,47,PREGNANCY,P3
1610,47,PREGNANCY,P2
1611,47,AGEGROUP,INFANT_TODDLER
1612,47,AGEGROUP,KIDS
1613,45,PREGNANCY,P3
1614,45,PREGNANCY,P2
1615,45,AGEGROUP,INFANT_TODDLER
1616,45,AGEGROUP,KIDS
1617,46,DISEASE,DI08
1618,46,PREGNANCY,P3
1619,46,PREGNANCY,P2
1620,46,AGEGROUP,INFANT_TODDLER
1621,46,AGEGROUP,KIDS
1622,44,DISEASE,DI05
1623,44,DISEASE,DI09
1624,44,DISEASE,DI13
1625,44,DISEASE,DI14
1626,44,PREGNANCY,P3
1627,44,PREGNANCY,P2
1628,44,AGEGROUP,INFANT_TODDLER
1629,44,AGEGROUP,KIDS
1630,42,DISEASE,DI05
1631,42,DISEASE,DI09
1632,42,DISEASE,DI13
1633,42,DISEASE,DI14
1634,42,PREGNANCY,P3
1635,42,PREGNANCY,P2
1636,42,AGEGROUP,INFANT_TODDLER
1637,42,AGEGROUP,KIDS
1638,43,DISEASE,DI08
1639,43,DISEASE,DI14
1640,43,ALLERGY,AL06
1641,43,PREGNANCY,P3
1642,43,PREGNANCY,P2
1643,43,AGEGROUP,INFANT_TODDLER
1644,43,AGEGROUP,KIDS
1645,41,DISEASE,DI15
1646,41,PREGNANCY,P3
1647,41,PREGNANCY,P2
1648,41,AGEGROUP,INFANT_TODDLER
1649,41,AGEGROUP,KIDS
1650,40,PREGNANCY,P3
1651,40,PREGNANCY,P2
1652,40,AGEGROUP,INFANT_TODDLER
1653,40,AGEGROUP,KIDS
1654,39,PREGNANCY,P3
1655,39,PREGNANCY,P2
1656,39,AGEGROUP,INFANT_TODDLER
1657,39,AGEGROUP,KIDS
1658,38,DISEASE,DI15
1659,38,PREGNANCY,P3
1660,38,PREGNANCY,P2
1661,38,AGEGROUP,INFANT_TODDLER
1662,38,AGEGROUP,KIDS
1663,37,DISEASE,DI05
1664,37,DISEASE,DI08
1665,37,PREGNANCY,P3
1666,37,PREGNANCY,P2
1667,37,AGEGROUP,INFANT_TODDLER
1668,36,PREGNANCY,P3
1669,36,PREGNANCY,P2
1670,36,AGEGROUP,INFANT_TODDLER
1671,36,AGEGROUP,KIDS
1672,35,PREGNANCY,P3
1673,35,PREGNANCY,P2
1674,35,AGEGROUP,INFANT_TODDLER
1675,35,AGEGROUP,KIDS
1676,34,PREGNANCY,P3
1677,34,PREGNANCY,P2
1678,34,AGEGROUP,INFANT_TODDLER
1679,34,AGEGROUP,KIDS
1680,33,DISEASE,DI12
1681,33,AGEGROUP,INFANT_TODDLER
1682,33,AGEGROUP,KIDS
1683,32,PREGNANCY,P3
1684,32,PREGNANCY,P2
1685,32,AGEGROUP,INFANT_TODDLER
1686,32,AGEGROUP,KIDS
1687,31,DISEASE,DI15
1688,31,PREGNANCY,P3
1689,31,PREGNANCY,P2
1690,31,AGEGROUP,INFANT_TODDLER
1691,31,AGEGROUP,KIDS
1692,30,PREGNANCY,P3
1693,30,PREGNANCY,P2
1694,30,AGEGROUP,INFANT_TODDLER
1695,30,AGEGROUP,KIDS
1696,29,DISEASE,DI15
1697,29,PREGNANCY,P3
1698,29,PREGNANCY,P2
1699,29,AGEGROUP,INFANT_TODDLER
1700,29,AGEGROUP,KIDS
1701,28,DISEASE,DI14
1702,28,ALLERGY,AL06
1703,28,PREGNANCY,P3
1704,28,PREGNANCY,P2
1705,28,AGEGROUP,INFANT_TODDLER
1706,28,AGEGROUP,KIDS
1707,27,PREGNANCY,P3
1708,27,PREGNANCY,P2
1709,27,AGEGROUP,INFANT_TODDLER
1710,27,AGEGROUP,KIDS
1711,26,PREGNANCY,P3
1712,26,PREGNANCY,P2
1713,26,AGEGROUP,INFANT_TODDLER
1714,26,AGEGROUP,KIDS
1715,25,PREGNANCY,P3
1716,25,PREGNANCY,P2
1717,25,AGEGROUP,INFANT_TODDLER
1718,25,AGEGROUP,KIDS
1719,24,PREGNANCY,P3
1720,24,PREGNANCY,P2
1721,24,AGEGROUP,INFANT_TODDLER
1722,24,AGEGROUP,KIDS
1723,23,PREGNANCY,P3
1724,23,PREGNANCY,P2
1725,23,AGEGROUP,INFANT_TODDLER
1726,23,AGEGROUP,KIDS
1727,22,ALLERGY,AL07
1728,22,PREGNANCY,P3
1729,22,PREGNANCY,P2
1730,22,AGEGROUP,INFANT_TODDLER
1731,22,AGEGROUP,KIDS
1732,19,ALLERGY,AL04
1733,14,DISEASE,DI02
1734,14,DISEASE,DI07
1735,14,PREGNANCY,P3
1736,14,PREGNANCY,P2
1737,14,AGEGROUP,INFANT_TODDLER
1738,14,AGEGROUP,KIDS
1739,16,AGEGROUP,INFANT_TODDLER
1740,16,AGEGROUP,KIDS
1741,13,PREGNANCY,P3
1742,13,PREGNANCY,P2
1743,13,AGEGROUP,INFANT_TODDLER
1744,13,AGEGROUP,KIDS
1745,13,SMOKING,S1
1746,11,PREGNANCY,P3
1747,11,PREGNANCY,P2
1748,10,PREGNANCY,P3
1749,10,PREGNANCY,P2
1750,10,AGEGROUP,INFANT_TODDLER
1751,10,AGEGROUP,KIDS
1752,9,AGEGROUP,ADULT
1753,9,SEX,MALE
1754,8,DISEASE,DI08
1755,8,DISEASE,DI10
1756,8,PREGNANCY,P3
1757,8,PREGNANCY,P2
1758,8,AGEGROUP,INFANT_TODDLER
1759,8,AGEGROUP,KIDS
1760,8,OPERATION,O3
1761,8,OPERATION,O2
1762,8,OPERATION,O1
1763,7,PREGNANCY,P3
1764,7,PREGNANCY,P2
1765,7,AGEGROUP,INFANT_TODDLER
1766,7,AGEGROUP,KIDS
1767,6,DISEASE,DI15
1768,6,PREGNANCY,P3
1769,6,PREGNANCY,P2
1770,6,AGEGROUP,INFANT_TODDLER
1771,6,AGEGROUP,KIDS
1772,5,PREGNANCY,P3
1773,5,PREGNANCY,P2
1774,5,AGEGROUP,INFANT_TODDLER
1775,5,AGEGROUP,KIDS
1776,4,PREGNANCY,P3
1777,4,PREGNANCY,P2
1778,4,AGEGROUP,INFANT_TODDLER
1779,4,AGEGROUP,KIDS
1780,3,DISEASE,DI12
1781,3,PREGNANCY,P3
1782,3,PREGNANCY,P2
1783,3,AGEGROUP,INFANT_TODDLER
1784,3,AGEGROUP,KIDS
1785,1,PREGNANCY,P3
1786,1,PREGNANCY,P2
1787,1,AGEGROUP,INFANT_TODDLER
1788,1,AGEGROUP,KIDS
1789,1,OPERATION,O3
1790,1,OPERATION,O2
1791,1,OPERATION,O1
1792,2,ALLERGY,AL07
1793,2,PREGNANCY,P3
1794,2,PREGNANCY,P2
1795,2,AGEGROUP,INFANT_TODDLER
1796,2,AGEGROUP,KIDS
1797,431,PREGNANCY,P3
1798,431,PREGNANCY,P2
1799,431,AGEGROUP,INFANT_TODDLER
1800,431,AGEGROUP,KIDS
1801,432,DISEASE,DI14
1802,432,PREGNANCY,P3
1803,432,PREGNANCY,P2
1804,432,AGEGROUP,INFANT_TODDLER
1805,432,AGEGROUP,KIDS
1806,433,PREGNANCY,P3
1807,433,PREGNANCY,P2
1808,433,AGEGROUP,INFANT_TODDLER
1809,433,AGEGROUP,KIDS
1810,434,PREGNANCY,P3
1811,434,PREGNANCY,P2
1812,435,PREGNANCY,P3
1813,435,PREGNANCY,P2
1814,435,AGEGROUP,INFANT_TODDLER
1815,435,AGEGROUP,KIDS
1816,436,PREGNANCY,P3
1817,436,PREGNANCY,P2
1818,436,AGEGROUP,INFANT_TODDLER
1819,436,AGEGROUP,KIDS
1820,437,PREGNANCY,P3
1821,437,PREGNANCY,P2
1822,437,AGEGROUP,INFANT_TODDLER
1823,437,AGEGROUP,KIDS
1824,438,PREGNANCY,P3
1825,438,PREGNANCY,P2
1826,438,AGEGROUP,INFANT_TODDLER
1827,438,AGEGROUP,KIDS
1828,438,AGEGROUP,TEENAGER
